{"cameraMode":{"drawMode":0,"name":"Shaded","section":"Shading Mode"},"sceneLighting":false,"audioPlay":false,"sceneViewState":{"showFog":false,"showMaterialUpdate":false,"showSkybox":false,"showFlares":false,"showImageEffects":false,"showParticleSystems":false},"in2DMode":false,"pivot":{"x":1.2852963209152222,"y":0.6422386169433594,"z":1.5617882013320923},"rotation":{"x":-0.04235519841313362,"y":0.9523564577102661,"z":-0.15594859421253205,"w":-0.2586568295955658},"size":0.4543548822402954,"orthographic":false}