{"cameraMode":{"drawMode":0,"name":"Shaded","section":"Shading Mode"},"sceneLighting":false,"audioPlay":false,"sceneViewState":{"showFog":false,"showMaterialUpdate":false,"showSkybox":false,"showFlares":false,"showImageEffects":false,"showParticleSystems":false},"in2DMode":false,"pivot":{"x":-9.058568000793457,"y":2.6272995471954347,"z":-1.2643229961395264},"rotation":{"x":-0.0005192080861888826,"y":0.9973607063293457,"z":-0.07224872708320618,"w":-0.007182324305176735},"size":2.4132096767425539,"orthographic":false}