{"cameraMode":{"drawMode":0,"name":"Shaded","section":"Shading Mode"},"sceneLighting":false,"audioPlay":false,"sceneViewState":{"showFog":false,"showMaterialUpdate":false,"showSkybox":false,"showFlares":false,"showImageEffects":false,"showParticleSystems":false},"in2DMode":false,"pivot":{"x":-0.23259997367858888,"y":1.047494888305664,"z":0.22523117065429688},"rotation":{"x":-0.029136743396520616,"y":0.82187420129776,"z":-0.04220748320221901,"w":-0.5673556923866272},"size":3.185666084289551,"orthographic":false}