{"cameraMode":{"drawMode":0,"name":"Shaded","section":"Shading Mode"},"sceneLighting":false,"audioPlay":false,"sceneViewState":{"showFog":false,"showMaterialUpdate":false,"showSkybox":false,"showFlares":false,"showImageEffects":false,"showParticleSystems":false},"in2DMode":false,"pivot":{"x":-12.398629188537598,"y":-1.7511876821517945,"z":-7.889220714569092},"rotation":{"x":-0.03147969767451286,"y":0.8430219292640686,"z":-0.04963543266057968,"w":-0.5346582531929016},"size":20.702726364135743,"orthographic":false}