{"cameraMode":{"drawMode":0,"name":"Shaded","section":"Shading Mode"},"sceneLighting":false,"audioPlay":false,"sceneViewState":{"showFog":false,"showMaterialUpdate":false,"showSkybox":false,"showFlares":false,"showImageEffects":false,"showParticleSystems":false},"in2DMode":false,"pivot":{"x":-0.17601165175437928,"y":1.150709867477417,"z":-0.06592869758605957},"rotation":{"x":0.0007843472994863987,"y":0.9922017455101013,"z":-0.12448371201753617,"w":0.00625198008492589},"size":2.569504499435425,"orthographic":false}