{"cameraMode":{"drawMode":0,"name":"Shaded","section":"Shading Mode"},"sceneLighting":false,"audioPlay":false,"sceneViewState":{"showFog":false,"showMaterialUpdate":false,"showSkybox":false,"showFlares":false,"showImageEffects":false,"showParticleSystems":false},"in2DMode":false,"pivot":{"x":0.6551654934883118,"y":1.0533785820007325,"z":2.3896241188049318},"rotation":{"x":0.025383466854691507,"y":0.9556663632392883,"z":-0.08654307574033737,"w":0.280299574136734},"size":2.6578915119171144,"orthographic":false}